{"class_airplane_auprc": 0.44651122810204774, "class_automobile_auprc": 0.4839336224648318, "class_bird_auprc": 0.2655870896329337, "class_cat_auprc": 0.2105222512765773, "class_deer_auprc": 0.3161339720973695, "class_dog_auprc": 0.28861603577452677, "class_frog_auprc": 0.34558492637596633, "class_horse_auprc": 0.4146599531745906, "class_ship_auprc": 0.5160198019620449, "class_truck_auprc": 0.4470722308039651, "macro_auprc": 0.37346411116648537, "accuracy": 38.68}