{"class_airplane_auprc": 0.4485967079397861, "class_automobile_auprc": 0.4860610171883071, "class_bird_auprc": 0.2658087949819667, "class_cat_auprc": 0.21330977889792602, "class_deer_auprc": 0.3190533591979715, "class_dog_auprc": 0.2887135878308326, "class_frog_auprc": 0.3459264913969064, "class_horse_auprc": 0.41737042932364404, "class_ship_auprc": 0.5194946624094946, "class_truck_auprc": 0.44899591222033997, "macro_auprc": 0.37533307413871747, "accuracy": 39.04}