{"class_airplane_auprc": 0.5711805580066687, "class_automobile_auprc": 0.5530862047582421, "class_bird_auprc": 0.34211955509703296, "class_cat_auprc": 0.288470275054461, "class_deer_auprc": 0.4175809647133326, "class_dog_auprc": 0.4120203404245442, "class_frog_auprc": 0.4663884065771979, "class_horse_auprc": 0.5286950804737686, "class_ship_auprc": 0.5940336442430512, "class_truck_auprc": 0.5120920903029551, "macro_auprc": 0.46856671196512545, "accuracy": 46.85333333333334}