{"class_airplane_auprc": 0.5669570373088212, "class_automobile_auprc": 0.560882857676201, "class_bird_auprc": 0.3344045221162649, "class_cat_auprc": 0.2947238981554451, "class_deer_auprc": 0.41827604480826264, "class_dog_auprc": 0.38851401391530854, "class_frog_auprc": 0.44547181282794374, "class_horse_auprc": 0.5225364527190859, "class_ship_auprc": 0.6029961553435469, "class_truck_auprc": 0.5157437999907909, "macro_auprc": 0.4650506594861671, "accuracy": 45.986666666666665}