{"train_loss": [0.9285859343680468, 0.6040099205618555, 0.4692459865049882, 0.3691546682861041, 0.29387239751998673, 0.23588102666491811, 0.20713128075426954, 0.16422777973242442, 0.1493305277545005, 0.13297049577390266, 0.12985666799994017, 0.11823376596227965, 0.12087573033799841, 0.11447721406478774, 0.11107294013808397, 0.1339793383482505, 0.09931362442545254, 0.09750922581985254, 0.09722740626470609, 0.20735978553156284, 0.0946750023021278, 0.07541954657062888, 0.07157563369996338, 0.08534345133441755, 0.10247028889981183, 0.10193533741403371, 0.08466356382070278, 0.0852684460379268, 0.08783315597313711, 0.09479373586575755], "train_acc": [68.76444444444445, 80.32666666666667, 84.98222222222222, 88.24444444444444, 91.2311111111111, 93.41111111111111, 94.3488888888889, 96.00222222222222, 96.4888888888889, 97.17333333333333, 97.36888888888889, 97.80888888888889, 97.63777777777777, 97.88666666666667, 97.98666666666666, 97.13111111111111, 98.40666666666667, 98.4888888888889, 98.52222222222223, 94.63777777777777, 98.6, 99.28888888888889, 99.31111111111112, 98.77333333333333, 98.20222222222222, 98.28888888888889, 98.89111111111112, 98.84666666666666, 98.67333333333333, 98.45111111111112], "val_loss": [0.8059882541834298, 0.8157443040508335, 0.6173050454107382, 0.634481859914327, 0.6759591289496018, 0.6706528577764156, 0.6521626816967786, 0.6898359494694208, 0.6892513496390844, 0.7364644044536656, 0.6954165899147422, 0.8951374246912488, 0.6980254948139191, 0.8426570336697465, 0.9081413220551054, 0.7832324818029242, 0.717064870616137, 0.7260206048771486, 0.7264366978305882, 0.6902281626806421, 0.709167457233041, 0.657882767208552, 0.6978269997289626, 0.7296170844870099, 0.8149526099027213, 0.7894544389288304, 0.8495125144214953, 0.8264199091216266, 0.8761772978103767, 0.8129298131344682], "val_acc": [72.88, 73.10666666666667, 78.65333333333334, 78.94666666666667, 78.92, 79.56, 81.34666666666666, 80.42666666666666, 80.74666666666667, 79.49333333333334, 80.86666666666666, 77.37333333333333, 80.70666666666666, 78.41333333333333, 76.56, 78.90666666666667, 81.38666666666667, 80.85333333333334, 81.2, 80.85333333333334, 81.58666666666667, 82.46666666666667, 81.64, 80.93333333333334, 78.48, 79.22666666666667, 79.32, 79.10666666666667, 78.2, 79.18666666666667], "loss": 0.6178118020801221, "accuracy": 83.30666666666667}