{"train_loss": [0.9144718325273558, 0.5890532265501943, 0.452160810332068, 0.34065731517462566, 0.2606004468080672, 0.20012673830867492, 0.1682668502061543, 0.12733725825620984, 0.10732728005281057, 0.0981631330320273, 0.08376211164233444, 0.07537472841266374, 0.06925192622425543, 0.07849872497767633, 0.06242181894644587, 0.05969884875958087, 0.05343474535303275, 0.04776639952549224, 0.10467312461564275, 0.12065508930060208, 0.04374676761653973, 0.030984946575865088, 0.03387584611250945, 0.03651104268547814, 0.04814199184064902, 0.03610383802846296, 0.03755461052456998, 0.03837460942998983, 0.034338028433425774, 0.03943151730543997], "train_acc": [68.63555555555556, 79.81333333333333, 84.72222222222223, 88.28, 91.00888888888889, 93.13111111111111, 94.15333333333334, 95.61333333333333, 96.27111111111111, 96.69333333333333, 97.12444444444445, 97.42222222222222, 97.59555555555555, 97.30222222222223, 97.85777777777778, 97.94888888888889, 98.22444444444444, 98.40222222222222, 96.6288888888889, 96.2088888888889, 98.54666666666667, 98.95333333333333, 98.87777777777778, 98.8, 98.37777777777778, 98.72444444444444, 98.7088888888889, 98.72444444444444, 98.84666666666666, 98.64666666666666], "val_loss": [0.729181450302318, 0.8735950861947012, 0.8865485423702305, 0.6673428027306573, 0.6506447251570426, 0.6748297108431994, 0.7163231074810028, 0.7652277062504979, 0.8019246130676593, 0.7323390624280703, 0.867268149125374, 0.8054534914129872, 0.8734449037050797, 0.8648903299186189, 0.830851856429698, 0.8513648570594141, 1.0142033615354764, 0.925735204906787, 0.8921843100402315, 0.8017952997805708, 0.9423112990492482, 1.0002558635453047, 1.042339791685848, 0.9933267205448474, 0.9256907085240897, 1.136884817632578, 0.9572865387140694, 1.0048136973785142, 1.0899244718632455, 1.06503215179605], "val_acc": [75.44, 71.8, 71.93333333333334, 78.22666666666667, 80.0, 79.72, 80.57333333333334, 80.30666666666667, 79.84, 81.32, 79.72, 80.93333333333334, 79.76, 80.46666666666667, 80.92, 81.10666666666667, 78.22666666666667, 80.21333333333334, 80.48, 80.18666666666667, 80.29333333333334, 80.64, 79.92, 80.12, 81.32, 78.48, 81.08, 79.33333333333333, 79.09333333333333, 79.81333333333333], "loss": 0.7293526136269004, "accuracy": 81.44}