{"class_airplane_auprc": 0.6816473148761082, "class_automobile_auprc": 0.7218407314590681, "class_bird_auprc": 0.4469412816272808, "class_cat_auprc": 0.35850680831536796, "class_deer_auprc": 0.5086081474214594, "class_dog_auprc": 0.4853572262402519, "class_frog_auprc": 0.6136656454287374, "class_horse_auprc": 0.6604153600226892, "class_ship_auprc": 0.7365211673420045, "class_truck_auprc": 0.6605197177756931, "macro_auprc": 0.5874023400508661, "accuracy": 54.279999999999994}