{"class_airplane_auprc": 0.6787837396384651, "class_automobile_auprc": 0.7026325448803539, "class_bird_auprc": 0.4361660494434911, "class_cat_auprc": 0.3531718318311368, "class_deer_auprc": 0.49880914797286596, "class_dog_auprc": 0.4805520592549389, "class_frog_auprc": 0.6221899031130818, "class_horse_auprc": 0.6696543638036504, "class_ship_auprc": 0.7336887190751464, "class_truck_auprc": 0.6548726840248843, "macro_auprc": 0.5830521043038015, "accuracy": 53.666666666666664}