{"train_loss": [1.0053570555015043, 0.7018530503423377, 0.5951768387617036, 0.5090159124440767, 0.4494452229277654, 0.3935813082551414, 0.4179986037144607, 0.3506993636150252, 0.3168372363698753, 0.30252741937610234, 0.3058470783077858, 0.3273810423825952, 0.2921862307173962, 0.3373870670964772, 0.28306295921687374, 0.2693540645255284, 0.27434872319413856, 0.28318041567267344, 0.28059346559034154, 0.2774553071199493, 0.2763237537477504, 0.2771869314072484, 0.27328383092853153, 0.2755346687679941, 0.2693096811629154, 0.26907184085046704, 0.2667086431333287, 0.2823826009830968, 0.3094773344187574, 0.2573720519854264], "train_acc": [68.51333333333334, 80.62222222222222, 84.91333333333333, 88.46222222222222, 90.97777777777777, 93.32888888888888, 92.34222222222222, 95.17555555555556, 96.78, 97.30666666666667, 97.12, 96.29333333333334, 97.77111111111111, 95.8, 98.10222222222222, 98.71555555555555, 98.50444444444445, 98.05333333333333, 98.21555555555555, 98.39333333333333, 98.44, 98.39333333333333, 98.51555555555555, 98.35111111111111, 98.63555555555556, 98.68444444444444, 98.73333333333333, 98.02, 97.02444444444444, 99.14888888888889], "val_loss": [0.8329553755663209, 0.6177435820385561, 0.6168937183032601, 0.5933018018633632, 0.6373323515310125, 0.6662792947332737, 0.664352246765363, 0.5992516395399126, 0.6266188959954149, 0.6399232219841521, 0.6722443947347544, 0.667126327247943, 0.6612340206817046, 0.6356204409720534, 0.6279251883595677, 0.7044662469524449, 0.7179430718139067, 0.7038350554846101, 0.6639894343028634, 0.6874737168772745, 0.7406955563415916, 0.6921020428002891, 0.6906151013859247, 0.6884390151096602, 0.6342543974771337, 0.6481701292223849, 0.6871603070679357, 0.7092577370546632, 0.6524126802460622, 0.6720768622422623], "val_acc": [71.93333333333334, 79.25333333333333, 79.78666666666666, 80.66666666666667, 79.50666666666666, 78.92, 78.74666666666667, 81.73333333333333, 81.46666666666667, 81.24, 80.02666666666667, 80.41333333333333, 80.81333333333333, 81.0, 81.73333333333333, 80.30666666666667, 79.78666666666666, 79.62666666666667, 80.8, 80.13333333333334, 79.2, 80.33333333333333, 80.02666666666667, 80.13333333333334, 81.50666666666666, 81.13333333333334, 80.88, 79.84, 81.13333333333334, 80.90666666666667], "test_loss": 0.6425620216434285, "test_accuracy": 81.65333333333334, "class_airplane_auprc": 0.919913285761986, "class_automobile_auprc": 0.9518840162487368, "class_bird_auprc": 0.8240692628825049, "class_cat_auprc": 0.7368399338825942, "class_deer_auprc": 0.8760359586018752, "class_dog_auprc": 0.7633911941085074, "class_frog_auprc": 0.9192801850628071, "class_horse_auprc": 0.9196028689322635, "class_ship_auprc": 0.9456731360343309, "class_truck_auprc": 0.9209675254130443, "macro_auprc": 0.8777657366928651, "classification_report": 