{"train_loss": [1.0099914581938223, 0.7332341274754568, 0.6050598760220137, 0.5169462464241819, 0.4498277832330628, 0.4021570516580885, 0.3686474686996503, 0.3394383537498387, 0.32111813013695856, 0.3131307842717929, 0.30471635491333227, 0.3076480068266392, 0.30643791434439743, 0.2938834898258475, 0.2863538608547639, 0.2812607123262503, 0.2840516321276399, 0.28307900759814814, 0.28121194400062616, 0.2790347243743864, 0.27445426769554615, 0.2751839931800284, 0.2761207901534032, 0.2788748476146297, 0.26853544781492517, 0.2655530610460449, 0.270614566789432, 0.2659014810977334, 0.31435157159682026, 0.26524127812378784], "train_acc": [68.74444444444444, 79.53777777777778, 84.66222222222223, 88.13333333333334, 90.97111111111111, 92.94, 94.43111111111111, 95.67111111111112, 96.49555555555555, 96.91111111111111, 97.21111111111111, 97.15777777777778, 97.14, 97.74, 98.04222222222222, 98.19111111111111, 98.05555555555556, 98.16666666666667, 98.22222222222223, 98.28222222222222, 98.52, 98.44222222222223, 98.43777777777778, 98.29555555555555, 98.73777777777778, 98.84444444444445, 98.62444444444445, 98.82, 96.80444444444444, 98.90222222222222], "val_loss": [1.0176795842283863, 0.6067661607669572, 0.6412995119216078, 0.6912741787352804, 0.5803254499273786, 0.5769538667242405, 0.7034704089164734, 0.620605123750234, 0.6083219657510014, 0.6256514666444164, 0.6270346353619786, 0.7935257483336885, 0.6774153512413219, 0.6656515901371584, 0.6356698259458704, 0.6255768926466926, 0.7821746120008372, 0.6245220606609926, 0.6721594283136271, 0.6608629792423572, 0.6612078108019748, 0.6697341991683184, 0.725104351670055, 0.6913444147271625, 0.6845842246281899, 0.6771619905859737, 0.6410539140135555, 0.6888233463642961, 0.6266652254735009, 0.6374770968647326], "val_acc": [64.17333333333333, 79.53333333333333, 78.14666666666666, 77.53333333333333, 81.37333333333333, 81.30666666666667, 77.86666666666666, 81.18666666666667, 81.98666666666666, 81.58666666666667, 81.58666666666667, 78.22666666666667, 79.92, 80.4, 81.30666666666667, 81.66666666666667, 78.49333333333334, 81.84, 80.64, 80.90666666666667, 81.01333333333334, 80.25333333333333, 79.10666666666667, 80.14666666666666, 80.86666666666666, 81.22666666666667, 81.66666666666667, 80.84, 82.05333333333333, 82.04], "test_loss": 0.6413164856070179, "test_accuracy": 82.0, "class_airplane_auprc": 0.9138241298559905, "class_automobile_auprc": 0.9567245020446304, "class_bird_auprc": 0.8399611271641285, "class_cat_auprc": 0.7144215718855456, "class_deer_auprc": 0.8380135564781092, "class_dog_auprc": 0.8174255757189807, "class_frog_auprc": 0.921162605056548, "class_horse_auprc": 0.9264797392523126, "class_ship_auprc": 0.9531500648425287, "class_truck_auprc": 0.9470175075683837, "macro_auprc": 0.8828180379867158, "classification_report": {"airplane": {"precision": 0.85, "recall": 0.864406779661017, "f1-score": 0.8571428571428571, "support": 767.0}, "automobile": {"precision": 0.8483412322274881, "recall": 0.9250645994832042, "f1-score": 0.8850432632880099, "support": 774.0}, "bird": {"precision": 0.7649350649350649, "recall": 0.7801324503311259, "f1-score": 0.7724590163934426, "support": 755.0}, "cat": {"precision": 0.6652110625909753, "recall": 0.6391608391608392, "f1-score": 0.651925820256776, "support": 715.0}, "deer": {"precision": 0.7888748419721872, "recall": 0.8041237113402062, "f1-score": 0.7964262922782387, "support": 776.0}, "dog": {"precision": 0.7925117004680188, "recall": 0.6666666666666666, "f1-score": 0.7241625089094796, "support": 762.0}, "frog": {"precision": 0.8104838709677419, "recall": 0.8751814223512336, "f1-score": 0.8415910676901605, "support": 689.0}, "horse": {"precision": 0.8640776699029126, "recall": 0.8534246575342466, "f1-score": 0.8587181254307374, "support": 730.0}, "ship": {"precision": 0.9009247027741083, "recall": 0.910547396528705, "f1-score": 0.9057104913678619, "support": 749.0}, "truck": {"precision": 0.8954248366013072, "recall": 0.8748403575989783, "f1-score": 0.8850129198966409, "support": 783.0}, "accuracy": 0.82, "macro avg": {"precision": 0.8180784982439804, "recall": 0.8193548880656223, "f1-score": 0.8178192362654204, "support": 7500.0}, "weighted avg": {"precision": 0.8190518834949568, "recall": 0.82, "f1-score": 0.8186249282916838, "support": 7500.0}}}