{
    "train_loss": [
        0.9103561067445711,
        0.5891211325810715,
        0.44023081656037405,
        0.3612247956070033,
        0.26445121519182896,
        0.2118356360059062,
        0.16770258476026356,
        0.11969934905540537,
        0.14135265129152685,
        0.10437487106537446,
        0.08864657723196698,
        0.07610417522796938,
        0.06700134546289602,
        0.06004100572185549,
        0.060265284050150185,
        0.06113585730649489,
        0.0622901464296526,
        0.055316229300594634,
        0.053423470263210635,
        0.050785395861814984,
        0.0873396965272894,
        0.09857961878614416,
        0.18333534068435917,
        0.034666738127932396,
        0.02327355043846844,
        0.03472957773969525,
        0.027003867178791552,
        0.02989698640158167,
        0.03405743923477447,
        0.034162482633374486
    ],
    "train_acc": [
        68.63777777777777,
        80.04,
        85.12444444444445,
        87.52666666666667,
        90.75777777777778,
        92.71111111111111,
        94.14666666666666,
        95.98444444444445,
        95.04222222222222,
        96.44,
        97.00666666666666,
        97.38222222222223,
        97.74888888888889,
        97.96222222222222,
        97.9,
        97.88222222222223,
        97.84,
        98.10666666666667,
        98.16666666666667,
        98.24444444444444,
        97.05111111111111,
        96.82444444444444,
        94.31555555555556,
        98.85111111111111,
        99.21777777777778,
        98.81111111111112,
        99.10888888888888,
        98.9888888888889,
        98.86666666666666,
        98.88
    ],
    "val_loss": [
        0.8880620942277423,
        0.6916304099357734,
        0.5954290628433228,
        0.6731925712803662,
        0.7420650250830892,
        0.6994489300048957,
        0.7362747540918447,
        0.7493347101292368,
        0.7132708642442348,
        0.8411343784655555,
        0.8212122129181684,
        0.8634477277933541,
        0.8906237513332044,
        0.9186466346352787,
        0.8430201774936611,
        0.8475676648697611,
        1.211325106984478,
        1.0014939964827845,
        0.913954104407359,
        0.9936453002994343,
        0.8720802018197916,
        0.8861279447199935,
        0.8217870052588188,
        0.9802783949900482,
        1.0527928001799827,
        0.9465895709344896,
        0.9915915495258266,
        1.0934012006905118,
        1.0114363613775221,
        0.9652814380193161
    ],
    "val_acc": [
        70.52,
        76.36,
        80.01333333333334,
        78.54666666666667,
        78.36,
        78.37333333333333,
        80.32,
        80.44,
        80.08,
        78.64,
        80.01333333333334,
        80.70666666666666,
        80.37333333333333,
        80.0,
        81.24,
        81.30666666666667,
        74.94666666666667,
        79.6,
        80.42666666666666,
        78.04,
        79.4,
        81.0,
        80.8,
        80.86666666666666,
        80.72,
        80.48,
        80.94666666666667,
        79.37333333333333,
        80.0,
        80.01333333333334
    ],
    "test_loss": 1.0224282433420926,
    "test_accuracy": 78.56,
    "class_airplane_auprc": 0.9195392958061843,
    "class_automobile_auprc": 0.9480538895180137,
    "class_bird_auprc": 0.8238772311750866,
    "class_cat_auprc": 0.7074188974376217,
    "class_deer_auprc": 0.8613839858720495,
    "class_dog_auprc": 0.7599962252894715,
    "class_frog_auprc": 0.9076844073927357,
    "class_horse_auprc": 0.9118398539306363,
    "class_ship_auprc": 0.9349566566627179,
    "class_truck_auprc": 0.9351706854158612,
    "macro_auprc": 0.8709921128500377,
    "classification_report": {
        "airplane": {
            "precision": 0.7723669309173273,
            "recall": 0.8891786179921773,
            "f1-score": 0.8266666666666667,
            "support": 767.0
        },
        "automobile": {
            "precision": 0.9099462365591398,
            "recall": 0.8746770025839793,
            "f1-score": 0.8919631093544137,
            "support": 774.0
        },
        "bird": {
            "precision": 0.7300131061598951,
            "recall": 0.7377483443708609,
            "f1-score": 0.7338603425559947,
            "support": 755.0
        },
        "cat": {
            "precision": 0.5517970401691332,
            "recall": 0.73006993006993,
            "f1-score": 0.6285370258880193,
            "support": 715.0
        },
        "deer": {
            "precision": 0.8188622754491018,
            "recall": 0.7048969072164949,
            "f1-score": 0.7576177285318559,
            "support": 776.0
        },
        "dog": {
            "precision": 0.6535532994923858,
            "recall": 0.6758530183727034,
            "f1-score": 0.6645161290322581,
            "support": 762.0
        },
        "frog": {
            "precision": 0.8924914675767918,
            "recall": 0.7590711175616836,
            "f1-score": 0.8203921568627451,
            "support": 689.0
        },
        "horse": {
            "precision": 0.847672778561354,
            "recall": 0.8232876712328767,
            "f1-score": 0.8353022932592078,
            "support": 730.0
        },
        "ship": {
            "precision": 0.9092261904761905,
            "recall": 0.8157543391188251,
            "f1-score": 0.8599577762139339,
            "support": 749.0
        },
        "truck": {
            "precision": 0.8866396761133604,
            "recall": 0.8390804597701149,
            "f1-score": 0.8622047244094488,
            "support": 783.0
        },
        "accuracy": 0.7856,
        "macro avg": {
            "precision": 0.797256900147468,
            "recall": 0.7849617408289646,
            "f1-score": 0.7881017952774545,
            "support": 7500.0
        },
        "weighted avg": {
            "precision": 0.7979760499356456,
            "recall": 0.7856,
            "f1-score": 0.7888546004708197,
            "support": 7500.0
        }
    }
}