{
    "train_loss": [
        0.9057636301625859,
        0.5940927521071651,
        0.45297630749304185,
        0.354768435428427,
        0.2803898996419527,
        0.22654984990896826,
        0.19097802468406205,
        0.18237119815735656,
        0.142282450158911,
        0.12773577314378184,
        0.12786552490962838,
        0.12638178461400623,
        0.12114020677241073,
        0.12939725215123457,
        0.10228247456887568,
        0.19896656211296265,
        0.648657481694086,
        0.23383395033041862,
        0.10546667794485322,
        0.07971423920455643,
        0.07422330641632223,
        0.07567451817555014,
        0.0880909201064655,
        0.09628701326437294,
        0.09690501233986155,
        0.09801552379080518,
        0.09691286011895334,
        0.0838080086501908,
        0.0849602216727693,
        0.08949126368282702
    ],
    "train_acc": [
        69.3488888888889,
        80.54,
        85.48666666666666,
        89.04,
        91.78444444444445,
        93.57333333333334,
        94.99555555555555,
        95.36888888888889,
        96.82222222222222,
        97.37333333333333,
        97.33333333333333,
        97.39111111111112,
        97.64666666666666,
        97.3,
        98.27333333333333,
        95.16222222222223,
        79.45777777777778,
        93.46888888888888,
        98.30444444444444,
        99.18444444444444,
        99.33555555555556,
        99.18222222222222,
        98.77111111111111,
        98.46222222222222,
        98.47111111111111,
        98.39777777777778,
        98.44666666666667,
        98.91333333333333,
        98.85111111111111,
        98.69333333333333
    ],
    "val_loss": [
        0.714973434553308,
        0.829654681480537,
        0.6184225249088416,
        0.605924675525245,
        0.7829788973775961,
        0.6811295742705717,
        0.7399131362721071,
        0.712638015969325,
        0.6755578300710452,
        0.7081416370504994,
        0.7796070504996736,
        0.735955512624676,
        0.7983505887500311,
        0.7085198355933368,
        0.9700434662527957,
        1.4520124641515442,
        0.6816000312061633,
        0.7062074536994353,
        0.710902003918664,
        0.7034681469707166,
        0.7275529119928005,
        0.7342087030410767,
        0.7701196715993396,
        0.7509877419067641,
        0.8518370359630908,
        0.7698054823835018,
        0.7377052908226595,
        0.7969874274932732,
        0.7565182407023543,
        0.8532695068141162
    ],
    "val_acc": [
        76.10666666666667,
        72.0,
        79.06666666666666,
        80.62666666666667,
        76.44,
        79.69333333333333,
        78.92,
        80.34666666666666,
        81.12,
        80.77333333333333,
        78.69333333333333,
        79.36,
        78.12,
        80.77333333333333,
        79.62666666666667,
        56.4,
        78.04,
        79.6,
        81.26666666666667,
        81.58666666666667,
        81.53333333333333,
        80.62666666666667,
        80.05333333333333,
        80.22666666666667,
        79.28,
        80.64,
        80.96,
        80.41333333333333,
        80.36,
        78.52
    ],
    "test_loss": 0.8350695866649434,
    "test_accuracy": 78.0,
    "class_airplane_auprc": 0.905182031513819,
    "class_automobile_auprc": 0.9479098502423247,
    "class_bird_auprc": 0.8310588352945448,
    "class_cat_auprc": 0.6904537578796673,
    "class_deer_auprc": 0.8335202608135744,
    "class_dog_auprc": 0.765473720683537,
    "class_frog_auprc": 0.8879872225401664,
    "class_horse_auprc": 0.9080155844557294,
    "class_ship_auprc": 0.9334681210125462,
    "class_truck_auprc": 0.9362108858975887,
    "macro_auprc": 0.8639280270333497,
    "classification_report": {
        "airplane": {
            "precision": 0.7651006711409396,
            "recall": 0.8917861799217731,
            "f1-score": 0.8236002408187839,
            "support": 767.0
        },
        "automobile": {
            "precision": 0.8958333333333334,
            "recall": 0.8888888888888888,
            "f1-score": 0.8923476005188068,
            "support": 774.0
        },
        "bird": {
            "precision": 0.7544338335607094,
            "recall": 0.7324503311258278,
            "f1-score": 0.7432795698924731,
            "support": 755.0
        },
        "cat": {
            "precision": 0.5045955882352942,
            "recall": 0.7678321678321678,
            "f1-score": 0.6089850249584027,
            "support": 715.0
        },
        "deer": {
            "precision": 0.8050595238095238,
            "recall": 0.6971649484536082,
            "f1-score": 0.7472375690607734,
            "support": 776.0
        },
        "dog": {
            "precision": 0.7310664605873262,
            "recall": 0.6207349081364829,
            "f1-score": 0.6713981547196594,
            "support": 762.0
        },
        "frog": {
            "precision": 0.8020086083213773,
            "recall": 0.8113207547169812,
            "f1-score": 0.8066378066378066,
            "support": 689.0
        },
        "horse": {
            "precision": 0.8809891808346213,
            "recall": 0.7808219178082192,
            "f1-score": 0.8278867102396514,
            "support": 730.0
        },
        "ship": {
            "precision": 0.8931185944363104,
            "recall": 0.8144192256341789,
            "f1-score": 0.8519553072625698,
            "support": 749.0
        },
        "truck": {
            "precision": 0.9284649776453056,
            "recall": 0.7956577266922095,
            "f1-score": 0.8569463548830811,
            "support": 783.0
        },
        "accuracy": 0.78,
        "macro avg": {
            "precision": 0.7960670771904741,
            "recall": 0.7801077049210338,
            "f1-score": 0.7830274338992008,
            "support": 7500.0
        },
        "weighted avg": {
            "precision": 0.7978705834676237,
            "recall": 0.78,
            "f1-score": 0.7839566415163589,
            "support": 7500.0
        }
    }
}